{
    "k": 27,
    "nb_peaks": 3,
    "global_minima": {
        "freq": 102,
        "count": 9275
    },
    "global_maxima": {
        "freq": 103,
        "count": 9467
    },
    "mean_freq": 154,
    "peaks": [
        {
            "mean_freq": 103.00000001384652,
            "stddev": 43.39366473901759,
            "count": 3037,
            "volume": 327559
        },
        {
            "mean_freq": 204.00000170045186,
            "stddev": 91.90049478296099,
            "count": 1135,
            "volume": 258108
        },
        {
            "mean_freq": 412.00000000000006,
            "stddev": 190.68217893672335,
            "count": 47,
            "volume": 14917
        }
    ],
    "hom_peak": {
        "freq": 103,
        "index": 1
    },
    "est_genome_size": 888526,
    "est_het_rate": 0.0
}