{
    "k": 27,
    "nb_peaks": 3,
    "global_minima": {
        "freq": 49,
        "count": 114775
    },
    "global_maxima": {
        "freq": 51,
        "count": 116240
    },
    "mean_freq": 69,
    "peaks": [
        {
            "mean_freq": 51.0,
            "stddev": 19.55025253192671,
            "count": 60257,
            "volume": 2940506
        },
        {
            "mean_freq": 100.00000000072663,
            "stddev": 42.92893212664915,
            "count": 9450,
            "volume": 1007216
        },
        {
            "mean_freq": 151.00000000062502,
            "stddev": 66.81092499593686,
            "count": 1618,
            "volume": 267822
        }
    ],
    "hom_peak": {
        "freq": 51,
        "index": 1
    },
    "est_genome_size": 5758404,
    "est_het_rate": 0.0
}