{
    "k": 27,
    "nb_peaks": 3,
    "global_minima": {
        "freq": 71,
        "count": 35055
    },
    "global_maxima": {
        "freq": 72,
        "count": 35998
    },
    "mean_freq": 106,
    "peaks": [
        {
            "mean_freq": 72.00000013370095,
            "stddev": 29.083920201289835,
            "count": 15230,
            "volume": 1103284
        },
        {
            "mean_freq": 142.00000011001555,
            "stddev": 62.57384968326791,
            "count": 5308,
            "volume": 823234
        },
        {
            "mean_freq": 360.00000000000136,
            "stddev": 165.6209118397218,
            "count": 96,
            "volume": 31508
        }
    ],
    "hom_peak": {
        "freq": 72,
        "index": 1
    },
    "est_genome_size": 2844276,
    "est_het_rate": 0.0
}