{
    "k": 27,
    "nb_peaks": 3,
    "global_minima": {
        "freq": 70,
        "count": 35492
    },
    "global_maxima": {
        "freq": 71,
        "count": 35756
    },
    "mean_freq": 107,
    "peaks": [
        {
            "mean_freq": 71.0000000333289,
            "stddev": 28.62632993791596,
            "count": 15012,
            "volume": 1070525
        },
        {
            "mean_freq": 140.00000002342347,
            "stddev": 61.633399349207885,
            "count": 5621,
            "volume": 858726
        },
        {
            "mean_freq": 355.00000000862974,
            "stddev": 163.21466582617185,
            "count": 128,
            "volume": 41865
        }
    ],
    "hom_peak": {
        "freq": 71,
        "index": 1
    },
    "est_genome_size": 2913572,
    "est_het_rate": 0.0
}